﻿{"cameraMode":{"drawMode":0,"name":"Shaded","section":"Shading Mode"},"sceneLighting":false,"audioPlay":false,"sceneViewState":{"showFog":true,"showMaterialUpdate":false,"showSkybox":true,"showFlares":true,"showImageEffects":true,"showParticleSystems":true},"in2DMode":false,"pivot":{"x":6.5379438400268559,"y":-0.6577959060668945,"z":-17.35710334777832},"rotation":{"x":-0.08971152454614639,"y":0.06539380550384522,"z":-0.005901477299630642,"w":-0.9938011169433594},"size":14.757407188415528,"orthographic":false}